{
  "benchmark": "terminal-pipeline",
  "label": "dev-blockedfix",
  "timestamp": "2026-07-03T04:36:30.875Z",
  "terminal": {
    "program": "Orca",
    "version": "1.4.120-rc.2",
    "term": "xterm-256color",
    "cols": 282,
    "rows": 80,
    "tty": true
  },
  "machine": {
    "platform": "darwin",
    "arch": "arm64",
    "cpu": "Apple M4",
    "release": "25.2.0",
    "node": "v26.0.0"
  },
  "config": {
    "sizeMb": 3,
    "iterations": 5,
    "dsrCount": 200
  },
  "dsrIdle": {
    "count": 200,
    "p50": 0.5164159999999924,
    "p90": 1.431041999999934,
    "p99": 8.555624999999964,
    "max": 20.349042000000004,
    "timeouts": 0
  },
  "throughput": [
    {
      "fixture": "ascii-log",
      "fixtureBytes": 3145851,
      "wallMs": {
        "count": 5,
        "p50": 313.5015000000003,
        "p90": 323.46779100000003,
        "p99": 323.46779100000003,
        "max": 323.46779100000003
      },
      "mbPerSec": {
        "count": 5,
        "p50": 9.569706371232401,
        "p90": 10.165677880605026,
        "p99": 10.165677880605026,
        "max": 10.165677880605026
      }
    },
    {
      "fixture": "cjk-emoji",
      "fixtureBytes": 3145785,
      "wallMs": {
        "count": 5,
        "p50": 251.9332089999998,
        "p90": 254.40795800000024,
        "p99": 254.40795800000024,
        "max": 254.40795800000024
      },
      "mbPerSec": {
        "count": 5,
        "p50": 11.90813379206406,
        "p90": 12.268678601770057,
        "p99": 12.268678601770057,
        "max": 12.268678601770057
      }
    },
    {
      "fixture": "agent-tui",
      "fixtureBytes": 3146560,
      "wallMs": {
        "count": 5,
        "p50": 261.10541699999976,
        "p90": 321.0371669999995,
        "p99": 321.0371669999995,
        "max": 321.0371669999995
      },
      "mbPerSec": {
        "count": 5,
        "p50": 11.492651096668945,
        "p90": 11.992095098957183,
        "p99": 11.992095098957183,
        "max": 11.992095098957183
      }
    },
    {
      "fixture": "styles-stress",
      "fixtureBytes": 3145734,
      "wallMs": {
        "count": 5,
        "p50": 589.9538329999996,
        "p90": 600.6057920000003,
        "p99": 600.6057920000003,
        "max": 600.6057920000003
      },
      "mbPerSec": {
        "count": 5,
        "p50": 5.0851533700365,
        "p90": 5.580751006417512,
        "p99": 5.580751006417512,
        "max": 5.580751006417512
      }
    }
  ],
  "dsrUnderLoad": {
    "paceBytesPerSec": 1048576,
    "count": 50,
    "p50": 18.74962499999856,
    "p90": 23.03216699999939,
    "p99": 24.845541000000594,
    "max": 24.845541000000594,
    "timeouts": 0
  }
}
