{
  "benchmark": "terminal-pipeline",
  "label": "dev-tailfix",
  "timestamp": "2026-07-03T02:55:21.629Z",
  "terminal": {
    "program": "Orca",
    "version": "1.4.120-rc.2",
    "term": "xterm-256color",
    "cols": 282,
    "rows": 80,
    "tty": true
  },
  "machine": {
    "platform": "darwin",
    "arch": "arm64",
    "cpu": "Apple M4",
    "release": "25.2.0",
    "node": "v26.0.0"
  },
  "config": {
    "sizeMb": 3,
    "iterations": 5,
    "dsrCount": 200
  },
  "dsrIdle": {
    "count": 200,
    "p50": 1.089040999999952,
    "p90": 3.7701250000000073,
    "p99": 17.942457999999995,
    "max": 20.88366700000006,
    "timeouts": 0
  },
  "throughput": [
    {
      "fixture": "ascii-log",
      "fixtureBytes": 3145851,
      "wallMs": {
        "count": 5,
        "p50": 638.902458,
        "p90": 1295.7880420000001,
        "p99": 1295.7880420000001,
        "max": 1295.7880420000001
      },
      "mbPerSec": {
        "count": 5,
        "p50": 4.695736046050582,
        "p90": 4.784295531712885,
        "p99": 4.784295531712885,
        "max": 4.784295531712885
      }
    },
    {
      "fixture": "cjk-emoji",
      "fixtureBytes": 3145785,
      "wallMs": {
        "count": 5,
        "p50": 413.6852080000008,
        "p90": 454.6650830000008,
        "p99": 454.6650830000008,
        "max": 454.6650830000008
      },
      "mbPerSec": {
        "count": 5,
        "p50": 7.252022314116751,
        "p90": 7.654474014963033,
        "p99": 7.654474014963033,
        "max": 7.654474014963033
      }
    },
    {
      "fixture": "agent-tui",
      "fixtureBytes": 3146560,
      "wallMs": {
        "count": 5,
        "p50": 3145.385875,
        "p90": 3540.3047499999993,
        "p99": 3540.3047499999993,
        "max": 3540.3047499999993
      },
      "mbPerSec": {
        "count": 5,
        "p50": 0.9540303086123734,
        "p90": 2.3761586680331908,
        "p99": 2.3761586680331908,
        "max": 2.3761586680331908
      }
    },
    {
      "fixture": "styles-stress",
      "fixtureBytes": 3145734,
      "wallMs": {
        "count": 5,
        "p50": 731.7149169999975,
        "p90": 2691.7271249999976,
        "p99": 2691.7271249999976,
        "max": 2691.7271249999976
      },
      "mbPerSec": {
        "count": 5,
        "p50": 4.099965235567159,
        "p90": 4.213806821636399,
        "p99": 4.213806821636399,
        "max": 4.213806821636399
      }
    }
  ],
  "dsrUnderLoad": {
    "paceBytesPerSec": 1048576,
    "count": 50,
    "p50": 108.25312500000291,
    "p90": 119.87724999999773,
    "p99": 154.46537499999977,
    "max": 154.46537499999977,
    "timeouts": 0
  }
}
