{
  "benchmark": "terminal-pipeline",
  "label": "dev-parseclock-jul02",
  "timestamp": "2026-07-03T02:15:03.468Z",
  "terminal": {
    "program": "Orca",
    "version": "1.4.116",
    "term": "xterm-256color",
    "cols": 282,
    "rows": 84,
    "tty": true
  },
  "machine": {
    "platform": "darwin",
    "arch": "arm64",
    "cpu": "Apple M4",
    "release": "25.2.0",
    "node": "v26.0.0"
  },
  "config": {
    "sizeMb": 3,
    "iterations": 5,
    "dsrCount": 200
  },
  "dsrIdle": {
    "count": 200,
    "p50": 0.9541670000000124,
    "p90": 2.195500000000038,
    "p99": 19.876708,
    "max": 51.77408300000002,
    "timeouts": 0
  },
  "throughput": [
    {
      "fixture": "ascii-log",
      "fixtureBytes": 3145851,
      "wallMs": {
        "count": 5,
        "p50": 465.4325829999998,
        "p90": 484.49066700000003,
        "p99": 484.49066700000003,
        "max": 484.49066700000003
      },
      "mbPerSec": {
        "count": 5,
        "p50": 6.445868663949811,
        "p90": 6.610413808264004,
        "p99": 6.610413808264004,
        "max": 6.610413808264004
      }
    },
    {
      "fixture": "cjk-emoji",
      "fixtureBytes": 3145785,
      "wallMs": {
        "count": 5,
        "p50": 347.35933300000033,
        "p90": 436.70891699999993,
        "p99": 436.70891699999993,
        "max": 436.70891699999993
      },
      "mbPerSec": {
        "count": 5,
        "p50": 8.636746085172936,
        "p90": 9.336807527905021,
        "p99": 9.336807527905021,
        "max": 9.336807527905021
      }
    },
    {
      "fixture": "agent-tui",
      "fixtureBytes": 3146560,
      "wallMs": {
        "count": 5,
        "p50": 4238.830249999999,
        "p90": 4431.679416000001,
        "p99": 4431.679416000001,
        "max": 4431.679416000001
      },
      "mbPerSec": {
        "count": 5,
        "p50": 0.7079296126640717,
        "p90": 2.1912128813128495,
        "p99": 2.1912128813128495,
        "max": 2.1912128813128495
      }
    },
    {
      "fixture": "styles-stress",
      "fixtureBytes": 3145734,
      "wallMs": {
        "count": 5,
        "p50": 1124.1106249999975,
        "p90": 4319.442500000001,
        "p99": 4319.442500000001,
        "max": 4319.442500000001
      },
      "mbPerSec": {
        "count": 5,
        "p50": 2.6687815730288156,
        "p90": 3.144953483129871,
        "p99": 3.144953483129871,
        "max": 3.144953483129871
      }
    }
  ],
  "dsrUnderLoad": {
    "paceBytesPerSec": 1048576,
    "count": 50,
    "p50": 177.3474170000045,
    "p90": 316.89912500000355,
    "p99": 624.1635830000014,
    "max": 624.1635830000014,
    "timeouts": 0
  }
}
