{
  "benchmark": "terminal-pipeline",
  "label": "baseline-jul02",
  "timestamp": "2026-07-03T03:14:25.248Z",
  "terminal": {
    "program": "ghostty",
    "version": "1.3.1",
    "term": "xterm-ghostty",
    "cols": 195,
    "rows": 50,
    "tty": true
  },
  "machine": {
    "platform": "darwin",
    "arch": "arm64",
    "cpu": "Apple M4",
    "release": "25.2.0",
    "node": "v26.0.0"
  },
  "config": {
    "sizeMb": 10,
    "iterations": 5,
    "dsrCount": 200
  },
  "dsrIdle": {
    "count": 200,
    "p50": 0.15908399999989342,
    "p90": 0.2396659999999997,
    "p99": 0.4069170000000213,
    "max": 0.5705420000000032,
    "timeouts": 0
  },
  "throughput": [
    {
      "fixture": "ascii-log",
      "fixtureBytes": 10485767,
      "wallMs": {
        "count": 5,
        "p50": 126.93312500000002,
        "p90": 251.20050000000015,
        "p99": 251.20050000000015,
        "max": 251.20050000000015
      },
      "mbPerSec": {
        "count": 5,
        "p50": 78.78169450031436,
        "p90": 84.26504436105196,
        "p99": 84.26504436105196,
        "max": 84.26504436105196
      }
    },
    {
      "fixture": "cjk-emoji",
      "fixtureBytes": 10485782,
      "wallMs": {
        "count": 5,
        "p50": 104.4577919999997,
        "p90": 109.85120899999993,
        "p99": 109.85120899999993,
        "max": 109.85120899999993
      },
      "mbPerSec": {
        "count": 5,
        "p50": 95.73264750642048,
        "p90": 106.42174244458813,
        "p99": 106.42174244458813,
        "max": 106.42174244458813
      }
    },
    {
      "fixture": "agent-tui",
      "fixtureBytes": 10486087,
      "wallMs": {
        "count": 5,
        "p50": 127.35175000000027,
        "p90": 135.539084,
        "p99": 135.539084,
        "max": 135.539084
      },
      "mbPerSec": {
        "count": 5,
        "p50": 78.52512314515855,
        "p90": 81.831482788438,
        "p99": 81.831482788438,
        "max": 81.831482788438
      }
    },
    {
      "fixture": "styles-stress",
      "fixtureBytes": 10485775,
      "wallMs": {
        "count": 5,
        "p50": 95.08958299999995,
        "p90": 104.82441699999981,
        "p99": 104.82441699999981,
        "max": 104.82441699999981
      },
      "mbPerSec": {
        "count": 5,
        "p50": 105.16414090400156,
        "p90": 105.89837321603056,
        "p99": 105.89837321603056,
        "max": 105.89837321603056
      }
    }
  ],
  "dsrUnderLoad": {
    "paceBytesPerSec": 1048576,
    "count": 50,
    "p50": 0.17150000000037835,
    "p90": 0.35129200000119454,
    "p99": 2.7332079999996495,
    "max": 2.7332079999996495,
    "timeouts": 0
  }
}
